continent,land_mass
Africa,3951.045530842555
Asia,3042.658192997065
South America,1241.0059401155368
Europe,1114.322229389797
Oceania,734.7639385734332
North America,464.84205004955675
